id,emergence_weight,Size.PC1,Shape.PC1,wing.loading,thorax,abdomen,dry.mass
3,0.5609,-0.735979766,1.786502711,0.069551739,NA,NA,NA
4,0.584,-2.420566151,1.270220314,0.081269134,NA,NA,NA
5,0.7348,2.296604676,1.508348726,0.073823278,NA,NA,NA
6,0.5619,1.606775027,1.316238155,0.059646516,NA,NA,NA
8.2,0.6925,2.424051374,1.274199078,0.07065966,NA,NA,NA
9,0.5619,0.628979614,0.188086648,0.062968566,NA,NA,NA
11,0.5211,-0.934397322,1.659451367,0.065048059,NA,NA,NA
12,0.6149,2.118470053,0.264315067,0.061187124,NA,NA,NA
14.1,0.7459,-0.252497252,0.509068209,0.088644602,NA,NA,NA
14.2,0.4822,-0.755451683,0.303023093,0.059205599,NA,NA,NA
14.3,0.6041,1.238120149,1.344083766,0.065079451,NA,NA,NA
14.4,0.5478,0.576160046,2.452529358,0.061922794,NA,NA,NA
15.1,0.5832,-0.96447243,0.40033906,0.073303167,NA,NA,NA
17,0.6096,1.885921329,0.183872144,0.062761248,NA,NA,NA
18,0.7018,-0.140650328,0.574888958,0.083151659,NA,NA,NA
20,0.4855,-0.503366699,1.970287908,0.05927599,NA,NA,NA
23,0.5231,-0.140905268,0.462088527,0.062247873,NA,NA,NA
25,0.6892,2.612418125,0.000989765,0.068512352,NA,NA,NA
27,0.5921,0.452892259,2.579037116,0.06749886,NA,NA,NA
29,0.7736,1.219863284,0.904523109,0.083677664,NA,NA,NA
36,0.7094,1.361924169,-0.449046244,0.075673369,NA,NA,NA
37,0.6655,2.529356417,1.42714604,0.066901231,NA,NA,NA
38,0.4497,-2.067554042,-0.115784823,0.060831924,NA,NA,NA
40,0.7397,2.55589682,0.626711089,0.073053183,NA,NA,NA
41,0.5854,-0.673757683,1.744369286,0.072302847,NA,NA,NA
44,0.5019,-1.946185875,0.851250235,0.067719085,NA,NA,NA
46,0.5019,-1.60155619,1.821363159,0.065084614,NA,NA,NA
47,0.5617,-0.625680373,0.682825521,0.068654892,NA,NA,NA
48,0.3835,-3.180072287,0.950128031,0.056856931,NA,NA,NA
49,0.563,0.2846004,-0.594713645,0.064567922,NA,NA,NA
51,0.641,2.536380204,1.059994336,0.064875259,NA,NA,NA
53,0.6621,-0.312842845,1.069081917,0.079464714,NA,NA,NA
54,0.6416,-0.117393121,0.09176397,0.075314004,NA,NA,NA
55,0.3556,-4.437096651,1.122720767,0.057877604,NA,NA,NA
59,0.5894,0.955001027,0.23055043,0.064861891,NA,NA,NA
60,0.6246,-1.980400862,1.254194992,0.084104221,NA,NA,NA
62,0.5499,-0.528051028,0.950414757,0.066934453,NA,NA,NA
62.2,0.5632,-1.003784371,1.084456468,0.069993165,NA,NA,NA
62.3,0.6024,-1.698941456,3.150456191,0.080437976,NA,NA,NA
69,0.6673,0.62280518,1.912788069,0.075019674,NA,NA,NA
70,0.5722,-0.959430369,0.096569837,0.071032214,NA,NA,NA
72,0.5988,-0.380909147,1.175186096,0.070956274,NA,NA,NA
78,0.6581,0.946930975,3.091603713,0.073699535,NA,NA,NA
80,0.6095,0.492994642,2.501649886,0.069167045,NA,NA,NA
81,0.3268,-4.811977304,0.308087701,0.055432109,NA,NA,NA
82.1,0.5984,0.344900651,1.172535153,0.068840955,NA,NA,NA
82.2,0.6043,-0.286627089,0.485397059,0.071350139,NA,NA,NA
82.3,0.6043,0.487593973,1.928407972,0.067200445,NA,NA,NA
86,0.6326,-0.05920889,0.496166788,0.074449806,NA,NA,NA
89,0.5634,0.109046867,1.259615728,0.065580258,NA,NA,NA
90,0.6204,0.018432681,0.070036909,0.072257163,NA,NA,NA
92,0.6204,1.265955012,1.068822163,0.066756335,NA,NA,NA
95,0.5036,-1.598334759,1.095594022,0.066547737,NA,NA,NA
101,0.5656,0.703310748,0.947353007,0.063454311,NA,NA,NA
104,0.5656,0.105871234,0.424532099,0.065447813,NA,NA,NA
107,0.6085,-0.655492556,0.397279125,0.073468156,NA,NA,NA
108,0.6474,-0.607091541,1.641291721,0.079323654,NA,NA,NA
109,0.5603,-0.121424312,1.327031852,0.065455607,NA,NA,NA
109.2,0.7008,2.001897365,2.263826806,0.072415397,NA,NA,NA
111,0.7629,2.426515578,1.616245271,0.077341849,NA,NA,NA
114.1,0.6351,0.049598321,2.287482418,0.074542254,NA,NA,NA
114.2,0.6848,0.927420993,0.875811987,0.074882449,NA,NA,NA
114.3,0.6351,0.474949626,1.262099291,0.071738394,NA,NA,NA
115,0.5551,-2.320655236,0.559831507,0.075755715,NA,NA,NA
117.1,0.7646,1.294419359,4.317632067,0.082614803,NA,NA,NA
117.2,0.5527,-0.36815698,0.621427061,0.065645228,NA,NA,NA
117.3,0.8088,0.6706313,0.748062905,0.090016694,NA,NA,NA
117.4,0.8035,2.215356051,0.90330233,0.081677255,NA,NA,NA
120,0.4859,-1.262612323,1.589902276,0.062167349,NA,NA,NA
121,0.6863,1.184350587,1.019843795,0.074174547,NA,NA,NA
121.2,0.6786,0.207284096,-0.671632414,0.0769475,NA,NA,NA
121.3,0.5669,-1.773484801,0.993569951,0.074907505,NA,NA,NA
121.4,0.5731,-0.29396215,0.503030276,0.068474819,NA,NA,NA
124.2,0.4977,-1.821093044,1.801900038,0.067402492,NA,NA,NA
125,0.4977,0.362572026,0.644773937,0.057072416,NA,NA,NA
127,0.5597,-0.508870074,2.27659178,0.068607502,NA,NA,NA
128,0.6547,0.42760194,0.655385052,0.075183739,NA,NA,NA
128.2,0.5275,-0.432433918,0.853887283,0.063431938,NA,NA,NA
129,0.6229,0.901611019,-0.581238039,0.068889626,NA,NA,NA
134.1,0.5102,-0.890210552,0.986364471,0.064309573,NA,NA,NA
134.2,0.6796,-1.519004702,0.8384518,0.087957031,NA,NA,NA
134.3,0.4293,-2.9495022,0.84108938,0.061548387,NA,NA,NA
136,0.5698,1.030355504,1.443316866,0.063233825,NA,NA,NA
137.1,0.5695,0.426487158,0.410948516,0.065399633,NA,NA,NA
137.2,0.5668,-0.914940885,1.280829632,0.069640005,NA,NA,NA
138,0.7608,2.309264793,1.268702452,0.075825983,NA,NA,NA
140,0.6127,0.892801718,0.116802297,0.067945661,NA,NA,NA
144,0.4593,-2.38846502,0.884534647,0.063060342,NA,NA,NA
145.2,0.72,1.06393137,0.463012933,0.079173081,NA,NA,NA
145.3,0.7118,1.300765019,1.153670296,0.077580381,NA,NA,NA
146,0.624,2.22564053,2.314444894,0.064214047,NA,NA,NA
147,0.584,0.949634113,1.446291681,0.064641098,NA,NA,NA
150,0.5174,-0.883311631,1.749389843,0.064409312,NA,NA,NA
151,0.5174,-0.442339411,2.494198867,0.062764602,NA,NA,NA
153,0.5549,0.072413145,1.171349909,0.064209674,NA,NA,NA
154,0.5336,0.433031094,1.999851123,0.061147081,NA,NA,NA
155,0.5336,1.255500658,0.413096803,0.05812003,NA,NA,NA
158,0.6901,0.706010263,2.51194916,0.076959964,NA,NA,NA
159,0.6903,1.941114182,0.566140406,0.072056367,NA,NA,NA
160,0.5198,0.603148094,0.761272124,0.058159441,NA,NA,NA
162,0.5983,-0.028377714,1.319031455,0.069004094,NA,NA,NA
163,0.495,-0.288988194,-0.294121514,0.058778127,NA,NA,NA
164,0.6442,0.069458053,1.675596691,0.075138508,NA,NA,NA
168,0.2822,1.057811466,0.310424033,0.031223722,NA,NA,NA
170,0.5777,1.529781336,0.606048686,0.06181254,NA,NA,NA
171.2,0.6955,-1.515723164,2.406536979,0.091718317,NA,NA,NA
172,0.5106,-0.404243114,2.341330798,0.061065598,NA,NA,NA
173,0.4416,-2.601375904,1.52254699,0.062651628,NA,NA,NA
175,0.4347,-1.114852541,1.190106678,0.054589979,NA,NA,NA
177,0.4347,-0.820229077,3.877018077,0.055126498,NA,NA,NA
179,0.3846,-3.541873355,1.593249707,0.057804163,NA,NA,NA
182,0.6485,1.656708028,0.923218369,0.068134062,NA,NA,NA
184,0.5664,-0.798655008,-0.128777573,0.070042664,NA,NA,NA
185,0.5664,1.061509088,0.373418241,0.062255441,NA,NA,NA
186.2,0.5734,1.737407485,0.242728425,0.060851109,NA,NA,NA
187,0.541,-2.011423938,0.907901247,0.072022898,NA,NA,NA
189,0.4309,-2.058702928,-0.798322247,0.058072776,NA,NA,NA
192.1,0.4101,-0.726506538,1.005694859,0.049618875,NA,NA,NA
192.2,0.5337,-1.19433433,1.030385365,0.06800892,NA,NA,NA
196,0.67,2.610809324,0.932135074,0.065938392,NA,NA,NA
197,0.67,-1.685309263,0.785252431,0.087782509,NA,NA,NA
198,0.4663,1.272751117,0.532226276,0.050616011,NA,NA,NA
200,0.613,0.099141664,2.223301814,0.070728049,NA,NA,NA
202,0.5585,-2.127857402,1.649830814,0.075939901,NA,NA,NA
203,0.4339,1.35043842,0.296249528,0.045661668,NA,NA,NA
205,0.589,-0.098297367,1.327085807,0.068921133,NA,NA,NA
206,0.4768,-2.944766614,2.488756222,0.069631252,NA,NA,NA
213,0.5367,0.172215629,2.51796723,0.063115188,NA,NA,NA
215,0.6899,1.603726935,2.079878028,0.072651643,NA,NA,NA
216,0.3452,-4.183611187,-0.68016694,0.05555645,NA,NA,NA
217,0.5702,0.607921339,2.907196214,0.065147101,NA,NA,NA
218,0.6801,1.533580702,1.167413963,0.071991108,NA,NA,NA
223,0.5909,0.318627243,-0.000924566,0.067067703,NA,NA,NA
228,0.6264,-1.011495424,2.006642148,0.077209417,NA,NA,NA
229,0.5025,-1.445932454,0.921968996,0.06495605,NA,NA,NA
234,0.7609,0.589134335,-0.205394099,0.086118499,NA,NA,NA
236,0.595,1.26730316,1.176117277,0.064617724,NA,NA,NA
239.2,0.6178,1.500908583,1.524973472,0.063468256,NA,NA,NA
241,0.6919,1.83566326,0.715832169,0.072575654,NA,NA,NA
242,0.6728,0.422943053,1.135268904,0.075307813,NA,NA,NA
244,0.6463,0.373092871,2.461599326,0.074223371,NA,NA,NA
245.1,0.52,-0.137916957,2.654396576,0.060352832,NA,NA,NA
247,0.6484,1.137664963,1.891160541,0.070283453,NA,NA,NA
250,0.6873,-0.527782123,2.643389583,0.083547073,NA,NA,NA
250.2,0.6303,0.679384485,1.076208577,0.070732802,NA,NA,NA
250.3,0.6177,0.20779043,0.972774427,0.070489558,NA,NA,NA
252.2,0.6183,1.201242895,0.26673933,0.066047108,NA,NA,NA
253.1,0.7801,1.474849107,1.786369014,0.082848343,NA,NA,NA
253.2,0.662,-0.765589439,1.461050315,0.081226994,NA,NA,NA
253.3,0.5538,-0.954272082,1.097887173,0.067892608,NA,NA,NA
255,0.6183,1.512463034,0.769830185,0.065997758,NA,NA,NA
255.2,0.7059,-0.941504641,1.72630451,0.088050393,NA,NA,NA
257,0.6942,1.686165431,-2.720527862,0.071855916,NA,NA,NA
261,0.5264,-0.483035103,1.111990661,0.063208453,NA,NA,NA
263.1,0.6689,2.808966566,0.881867349,0.064618654,NA,NA,NA
263.2,0.6357,0.367077079,2.358340914,0.073768494,NA,NA,NA
265,0.736,2.865387714,1.348720895,0.071640629,NA,NA,NA
267,0.6944,2.842180995,1.108250388,0.06960008,NA,NA,NA
269,0.6662,1.483496374,0.803248915,0.071519055,NA,NA,NA
270,0.7418,-0.065070618,-0.141412399,0.086938178,NA,NA,NA
271,0.6795,0.981405256,2.180270035,0.074522922,NA,NA,NA
273,0.4297,-2.065239126,-0.014031763,0.057739855,NA,NA,NA
276,0.7051,1.290135752,2.167489838,0.077275467,NA,NA,NA
277,0.5865,1.049804892,2.091888192,0.064824537,NA,NA,NA
279,0.5464,1.078172205,0.855284642,0.059510973,NA,NA,NA
280,0.5902,1.054899552,-0.039748878,0.064407704,NA,NA,NA
281,0.52,-0.289018782,0.587047963,0.061912132,NA,NA,NA
282,0.545,0.380533392,-0.754588527,0.060948334,NA,NA,NA
283,0.6404,-0.364863555,-0.907435807,0.076429168,NA,NA,NA
284,0.2505,-5.12495873,0.988307537,0.044125418,NA,NA,NA
285,0.5798,1.260813802,1.071090405,0.062166944,NA,NA,NA
286,0.5805,-0.064167419,1.680939229,0.06862919,NA,NA,NA
287,0.6208,-0.675569882,1.673204472,0.076097083,NA,NA,NA
288,0.6814,-0.166202747,2.152845574,0.080424904,NA,NA,NA
291,0.5887,-1.341538764,1.989286501,0.074774546,NA,NA,NA
292,0.5954,-0.06188852,2.776996257,0.071109519,NA,NA,NA
293,0.474,-0.763021932,-0.049255625,0.05822023,NA,NA,NA
294,0.4787,-2.804023196,-0.654002107,0.068093883,NA,NA,NA
295,0.7692,3.005140415,3.115623731,0.07576459,NA,NA,NA
296,0.5168,-1.475604516,-0.265380719,0.067781494,NA,NA,NA
298,0.5645,-0.685629973,0.251721218,0.07014165,NA,NA,NA
298.2,0.4894,-0.700910109,0.876439912,0.059712055,NA,NA,NA
299,0.4198,-2.024815732,0.452501793,0.057103992,NA,NA,NA
300,0.639,1.29437409,0.624957688,0.068991578,NA,NA,NA
301,0.612,2.091850134,0.887320887,0.062091006,NA,NA,NA
302,0.6367,-0.146954471,1.296958206,0.074307055,NA,NA,NA
303,0.5555,-0.12987889,-0.694351504,0.065237816,NA,NA,NA
305,0.578,0.962835243,-0.134375587,0.063193571,NA,NA,NA
307,0.6008,0.803961967,1.513315677,0.06646753,NA,NA,NA
308,0.4259,-1.997470714,2.118465203,0.057167785,NA,NA,NA
310,0.4634,-1.252339326,0.294811368,0.057748146,NA,NA,NA
311,0.547,1.068255985,1.15302732,0.060159472,NA,NA,NA
313.1,0.527,-1.434703563,0.938942098,0.068131868,NA,NA,NA
313.2,0.6403,-0.320518324,1.84304412,0.077602715,NA,NA,NA
315,0.5414,-1.29814015,0.693007257,0.069727606,NA,NA,NA
316.1,0.3779,-3.764932907,1.431624103,0.058858344,NA,NA,NA
316.2,0.5273,-2.529348872,1.989233597,0.073805025,NA,NA,NA
317.1,0.6313,0.144824746,1.130051831,0.073406977,NA,NA,NA
317.2,0.6454,0.42612222,0.516815503,0.073378432,NA,NA,NA
401.1,0.6125,3.171272587,0.432631993,0.060205436,0.0927,0.1074,0.2001
401.2,0.6521,1.998008223,0.399603917,0.068218433,0.0931,0.1048,0.1979
401.3,0.708,0.616315952,0.362429054,0.081243904,0.0737,0.0946,0.1683
402.1,0.6479,2.385761637,-0.392624003,0.065547069,0.0739,0.0995,0.1734
402.2,0.5817,0.532976042,0.142608967,0.067139889,0.0784,0.0755,0.1539
403.1,0.5695,0.093088282,0.851314609,0.067512299,0.0793,0.0851,0.1644
406.2,0.5498,2.034279748,0.745794719,0.057333542,0.0832,0.0969,0.1801
407.1,0.6293,1.536041189,-0.262697378,0.067506973,NA,NA,NA
407.2,0.8085,1.949490662,0.874497313,0.084398977,0.0994,0.1073,0.2067
407.3,0.6713,0.978026105,0.438463085,0.07425885,0.086,0.0942,0.1802
408.1,0.7099,3.578937714,0.620464851,0.067506657,0.0986,0.1035,0.2021
408.3,0.6294,2.309983106,-0.300055947,0.064507533,0.0907,0.0874,0.1781
408.4,0.6296,2.555719113,-0.283229124,0.063547817,0.09,0.0877,0.1777
410.1,0.5857,0.19837885,0.683527469,0.069498665,0.0763,0.0898,0.1661
410.2,0.5799,0.168601772,0.106505645,0.068513705,0.0692,0.0819,0.1511
411.1,0.6578,1.816103925,0.22861417,0.069982446,0.0789,0.0931,0.172
411.2,0.6648,0.794642881,-0.462709125,0.074810105,0.0745,0.0799,0.1544
412.1,0.639,1.377125024,0.012128429,0.068961796,0.0718,0.1024,0.1742
412.2,0.5555,1.078784569,-0.090485333,0.062219982,0.07,0.0939,0.1639
413.1,0.7112,1.730727888,-0.523830024,0.076137459,0.0879,0.1105,0.1984
413.2,0.7233,1.702682964,1.710117951,0.077053372,0.0861,0.1028,0.1889
413.3,0.5891,0.377481763,1.110577933,0.068519919,0.0732,0.0781,0.1513
415.1,0.7045,0.910255003,-0.976385044,0.079037415,0.0799,0.1186,0.1985
416.1,0.6331,0.581619555,0.279131593,0.072470238,NA,NA,NA
416.2,0.6368,-0.077561785,0.612551354,0.075262971,0.0738,0.0904,0.1642
418.1,0.5617,-0.675709264,1.214028559,0.07018618,0.0685,0.0832,0.1517
418.2,0.5342,-0.987570243,1.088648806,0.068844642,NA,NA,NA
420.1,0.6216,0.131653554,1.173551068,0.073890045,0.0736,0.0959,0.1695
420.2,0.5134,-2.134043385,-0.937564992,0.071784116,0.0629,0.0765,0.1394
421.1,0.7829,1.73613725,-3.360428463,0.083509333,0.0914,0.1049,0.1963
421.2,0.721,1.458035383,0.625554208,0.078395129,NA,NA,NA
421.3,0.7211,1.934173044,-0.641912498,0.076238304,0.092,0.0945,0.1865
424.1,0.2871,-2.759106052,-0.284969385,0.041407658,0.0493,0.0499,0.0992
425.1,0.5639,-1.218639427,0.975749606,0.072676891,0.0618,0.0801,0.1419
425.2,0.5216,-1.858551845,1.364788949,0.070648788,0.0593,0.0682,0.1275
426.2,0.8245,3.925703061,-0.338675654,0.076448771,0.0939,0.1157,0.2096
427.1,0.4924,-1.871840012,1.318944438,0.067043366,0.0578,0.0705,0.1283
428.1,0.5254,-0.432009357,-1.205607321,0.064131828,0.0709,0.0701,0.141
428.2,0.6984,-0.668030188,-0.544413346,0.087392855,NA,NA,NA
428.3,0.6449,0.137269664,-0.211321559,0.076664289,0.0664,0.101,0.1674
432.1,0.7317,2.094660755,0.284984278,0.075577132,0.0898,0.0943,0.1841
432.2,0.5892,0.229485034,-0.977832273,0.069653623,0.0701,0.081,0.1511
433.1,0.6579,2.354592579,0.552599704,0.067053967,0.0766,0.0825,0.1591
433.2,0.713,3.400803885,-1.83367792,0.067708086,0.094,0.1011,0.1951
434.1,0.5557,0.140946315,-1.153737978,0.065565453,0.0687,0.0662,0.1349
436.1,0.5184,-1.005959493,-0.563353045,0.065786802,0.0674,0.0638,0.1312
436.2,0.6033,0.522624643,-1.069318786,0.068976162,0.0812,0.0847,0.1659
436.3,0.6947,1.318218116,1.285574508,0.075667139,0.0822,0.1074,0.1896
436.4,0.5543,-0.002058572,-2.114589522,0.065485262,0.0709,0.0819,0.1528
437.2,0.6343,0.789970582,-0.157209322,0.072214948,0.0765,0.0757,0.1522
437.3,0.5955,0.21656512,1.225080398,0.07084647,NA,NA,NA
439.1,0.6654,1.426030155,-1.3706429,0.071548387,0.0831,0.094,0.1771
439.2,0.6332,1.610724054,-1.964190872,0.067272244,0.0798,0.0864,0.1662
440.1,0.535,-0.563334855,1.36253476,0.065644172,0.0665,0.0836,0.1501
441.1,0.584,0.445899638,-1.419388708,0.067506647,0.0737,0.0786,0.1523
442.1,0.7297,0.95866506,-0.182384683,0.081695029,0.0819,0.1251,0.207
444.1,0.6058,0.162194533,2.075452606,0.071438679,0.0727,0.0872,0.1599
444.2,0.5807,-0.495476142,1.724067037,0.070933855,0.0682,0.0758,0.144
444.3,0.4767,-0.817289271,0.727890979,0.060664291,0.0625,0.0641,0.1266
445.1,0.5459,-0.280342868,0.926191549,0.066225889,0.0664,0.0805,0.1469
445.2,0.5024,-0.694798511,1.407923054,0.06253423,0.0687,0.0743,0.143
447.1,0.6865,-0.76570888,1.351607461,0.085614516,0.0738,0.1125,0.1863
447.2,0.4877,-3.975975864,1.33724173,0.078332798,0.0538,0.0738,0.1276
449.1,0.4369,-2.001769111,-1.149309011,0.059976663,0.0543,0.0456,0.0999
449.2,0.4929,-1.25144355,0.472125882,0.063273427,0.0611,0.056,0.1171
452.2,0.5464,-3.340855491,1.059021871,0.08150358,0.0657,0.0632,0.1289
453.1,0.6983,2.605848135,-0.719951966,0.070152702,0.0922,0.0946,0.1868
453.2,0.6554,2.451074139,-0.773899676,0.066670057,0.086,0.0832,0.1692
500.1,0.5741,-0.002368958,-0.887423837,0.068729798,0.0648,0.0674,0.1322
500.2,0.5514,-1.063841849,-0.243036055,0.069947989,0.0637,0.0628,0.1265
501.1,0.4835,-1.047669227,0.309344726,0.062274601,0.0568,0.0501,0.1069
501.2,0.4542,-2.210460865,0.485757154,0.063241437,0.0579,0.0474,0.1053
504.1,0.5983,1.563094314,0.276778911,0.064884503,0.0819,0.0584,0.1403
504.2,0.5474,0.996190145,0.090463682,0.060876335,0.067,0.064,0.131
505.1,0.5864,0.938002194,-0.861254688,0.065721491,0.0651,0.0798,0.1449
508.1,0.6044,0.538452921,-0.877584166,0.069157274,0.0785,0.0746,0.1531
509.1,0.4736,-1.261780436,0.266507303,0.061614519,0.0582,0.0566,0.1148
509.2,0.5047,-1.051946845,0.391641166,0.064688541,NA,NA,NA
511.3,0.5083,-0.818600995,-0.312753009,0.063533529,0.0614,0.0716,0.133
513.1,0.5467,0.376594666,1.276983113,0.064208116,0.0725,0.0644,0.1369
514.1,0.3769,-3.396103057,0.70573708,0.057205737,0.0367,0.0406,0.0773
514.2,0.5485,-0.88025152,-0.720325507,0.069814803,0.0626,0.0649,0.1275
519.1,0.5497,-0.9109652,0.216428227,0.069310301,0.0673,0.0724,0.1397
522.1,0.7287,3.139207939,-1.114607797,0.070596784,0.0843,0.0956,0.1799
522.2,0.5916,0.848099903,-0.938972671,0.066367512,0.07,0.0744,0.1444
523.1,0.6453,1.647017359,-0.518694686,0.068791642,0.0815,0.0776,0.1591
523.2,0.6319,0.429588534,-1.451574322,0.072673951,0.085,0.0819,0.1669
526.1,0.5006,-0.46547501,-0.217692673,0.061692033,0.069,0.0642,0.1332
527.1,0.5547,-0.231455995,0.306678377,0.067420237,0.0709,0.0759,0.1468
527.2,0.6661,1.321050606,0.860575392,0.073338838,0.0859,0.0885,0.1744
529.1,0.573,-0.085772284,-0.050205691,0.069644485,0.0699,0.0771,0.147
529.2,0.4888,-1.441567502,1.976492991,0.064493997,NA,NA,NA
531.2,0.4836,0.066893585,0.339238305,0.05734274,0.0621,0.0569,0.119
531.3,0.5403,0.293955501,-1.045011177,0.063568445,0.0685,0.0711,0.1396
532.1,0.6384,2.107723377,1.07218132,0.066677111,0.0868,0.0755,0.1623
533.1,0.5939,1.008523622,-0.317293997,0.066110091,0.0776,0.0801,0.1577
533.2,0.5734,0.143594879,-0.349283461,0.067154652,0.0729,0.0725,0.1454
533.3,0.6999,1.142921355,-0.429197737,0.076895188,0.0758,0.0737,0.1495
534.1,0.5711,0.308055426,-0.029096865,0.067227781,0.0696,0.0786,0.1482
534.2,0.6448,0.768887672,-0.394466887,0.073185404,0.0777,0.0996,0.1773
534.3,0.5778,0.06803206,0.234699303,0.068773433,0.0719,0.079,0.1509
535.1,0.6493,0.472001093,0.973391071,0.075316089,0.0726,0.0863,0.1589
535.2,0.6648,1.506255738,-0.204106964,0.071928591,NA,NA,NA
536.1,0.6713,1.213571911,-0.953292947,0.073595352,0.0687,0.0674,0.1361
536.2,0.7081,2.910224609,-0.774477818,0.069808252,0.0858,0.094,0.1798
537.2,0.7867,2.123883086,-1.430381646,0.08114492,0.0862,0.0908,0.177
537.3,0.6575,3.074043403,0.011943704,0.064030774,NA,NA,NA
538.1,0.6695,-1.002554108,-0.521459549,0.085685032,0.069,0.0769,0.1459
538.2,0.714,0.606154256,2.54687182,0.082324455,0.085,0.0847,0.1697
538.3,0.8311,1.930234971,0.447582408,0.086245006,0.096,0.0916,0.1876
540.1,0.4883,-0.211944762,0.171500881,0.05860186,0.0595,0.0693,0.1288
542.2,0.6395,1.454054047,-0.881731182,0.068340903,NA,NA,NA
544.1,0.6962,2.232285101,-0.764940737,0.071138814,0.0823,0.0863,0.1686
544.2,0.788,2.899253179,-0.777876678,0.077689047,0.0945,0.1041,0.1986
546.1,0.4904,-0.350670954,0.537863796,0.059594118,0.0592,0.0628,0.122
546.2,0.4731,-0.977879839,-0.717741709,0.059942984,0.0572,0.0594,0.1166
546.4,0.4945,-0.610247369,0.545997916,0.060865284,0.0671,0.0638,0.1309
550.1,0.7034,1.466565146,-0.020269087,0.075383131,0.0875,0.0816,0.1691
551.1,0.7757,0.383045508,0.033238918,0.090831382,0.0685,0.0861,0.1546
552.1,0.585,1.103952463,-1.452280767,0.064264528,0.0723,0.0795,0.1518
552.2,0.7415,0.418602926,0.716771041,0.085367258,0.0801,0.0943,0.1744
552.3,0.7245,2.701247873,0.47090064,0.073045319,0.092,0.102,0.194
554.1,0.5194,0.195593138,-0.423868317,0.060887404,0.0694,0.065,0.1344
554.2,0.5446,0.337008885,-0.131811856,0.063751829,0.0718,0.0727,0.1445
554.3,0.4637,-0.853344524,0.490256297,0.058890018,0.0624,0.0633,0.1257
555.1,0.6008,1.138671513,1.302445317,0.066372072,0.0831,0.0716,0.1547
555.2,0.567,-0.55382546,0.177495625,0.06989645,0.0644,0.0549,0.1193
556.1,0.3094,-5.816212078,-0.813665591,0.057455896,0.0344,0.0353,0.0697
557.3,0.6721,0.918855411,-0.108714613,0.074823267,0.0844,0.0855,0.1699
557.4,0.5126,0.403861676,1.577847679,0.059538881,0.0718,0.0591,0.1309
558.1,0.5701,0.158098099,0.132561221,0.06739169,0.0663,0.0749,0.1412
558.2,0.6021,0.109137456,1.615722754,0.071233363,0.0799,0.0779,0.1578
558.3,0.5749,1.06399878,1.863055571,0.064062848,NA,NA,NA
559.1,0.5891,1.7949271,0.262133378,0.06222011,0.0671,0.087,0.1541
559.2,0.5095,-5.96E-05,0.696041912,0.060192569,0.0614,0.0638,0.1252
559.3,0.5896,0.379691661,-1.656453482,0.067770115,0.0686,0.0796,0.1482
561.1,0.5348,0.401887083,0.001418946,0.062214984,0.0712,0.0743,0.1455
561.2,0.503,0.75992488,0.291623514,0.056926211,0.0656,0.062,0.1276
563.1,0.5948,1.89385948,0.547352094,0.062871941,0.0742,0.0756,0.1498
563.2,0.6293,0.567101565,-0.851337192,0.072287634,0.0663,0.0647,0.131
564.1,0.5632,-0.227958363,-0.185075322,0.068142771,0.0737,0.0773,0.151
565.1,0.6262,0.484781822,0.391461508,0.071787229,0.082,0.0722,0.1542
565.2,0.6926,0.856685821,1.732021464,0.076976938,0.0808,0.0779,0.1587
567.1,0.5304,0.277749955,-0.716018831,0.061524185,0.0684,0.0681,0.1365
568.1,0.621,0.04434331,-5.43285279,0.073291632,0.07,0.0818,0.1518
568.2,0.6312,0.16992377,-5.641712699,0.072853186,0.0755,0.0885,0.164
568.3,0.5774,-0.061729125,-5.523601514,0.068121756,0.0697,0.0781,0.1478
569.1,0.6475,1.449099522,-0.20460067,0.07077663,0.0847,0.0942,0.1789
570.2,0.5419,0.395325916,0.412304092,0.063026285,0.0737,0.0685,0.1422
571.1,0.3874,-1.667752812,-0.159479707,0.052055899,0.0614,0.0524,0.1138
571.2,0.5201,1.466806782,0.454044261,0.05713501,0.0757,0.0737,0.1494
572.1,0.6211,0.438504722,0.326028326,0.071990727,0.0765,0.0774,0.1539
572.2,0.5513,-0.914329913,-1.971399021,0.068399504,0.071,0.067,0.138
572.3,0.6338,1.463253648,1.497426726,0.068084649,0.0868,0.0804,0.1672
574.2,0.5846,0.657062415,-0.811135681,0.066041573,0.0753,0.0719,0.1472
574.4,0.5643,0.136570627,-0.027235703,0.06643122,0.0747,0.075,0.1497
576.1,0.569,0.446159718,0.521016767,0.065768942,0.0886,0.0836,0.1722
576.2,0.5707,1.080498491,0.641394015,0.063186448,0.0916,0.08,0.1716
576.3,0.4929,-1.201377355,-0.471814006,0.063456711,0.0701,0.0622,0.1323
576.4,0.4874,-0.511349521,-1.663726989,0.059693815,0.0739,0.0654,0.1393
577.1,0.5779,0.279153614,-0.971143042,0.067154727,0.0724,0.0673,0.1397
577.2,0.5142,-0.910698803,-0.401687888,0.065026873,0.0631,0.0611,0.1242
577.3,0.3653,-4.700938072,-1.960417774,0.062067794,0.0414,0.0319,0.0733
601.1,0.402,-1.579980815,1.670837696,0.05358571,0.0649,0.0686,0.1335
601.2,0.4598,-1.144900736,0.573593485,0.061339381,0.0678,0.065,0.1328
602.1,0.6759,2.665262933,-1.241287712,0.067813785,0.0906,0.0939,0.1845
602.2,0.6581,2.885681615,-0.087763395,0.065106846,0.0867,0.0944,0.1811
602.3,0.6576,2.909380085,-0.385473961,0.0649225,0.0859,0.0922,0.1781
602.4,0.6149,1.474584409,-1.286316369,0.066518823,0.084,0.092,0.176
604.1,0.5762,0.096091973,-0.53524805,0.067812169,0.0723,0.0734,0.1457
604.2,0.5756,0.157446856,0.001920186,0.06852381,0.0717,0.0722,0.1439
604.3,0.6684,0.802879195,0.488803207,0.075636528,NA,NA,NA
606.1,0.5312,0.45794577,-0.129258205,0.062508826,0.0675,0.0784,0.1459
606.2,0.5272,-0.108437513,0.309595278,0.063590857,0.0741,0.0671,0.1412
606.3,0.496,-0.887406831,0.516663819,0.062800709,NA,NA,NA
607.1,0.6063,0.444294032,0.142023128,0.07016549,0.0777,0.0788,0.1565
607.2,0.6145,0.335846451,-0.632415397,0.071436875,0.0801,0.0833,0.1634
609.1,0.6491,1.035236806,-0.612560154,0.071826934,0.0844,0.1015,0.1859
610.1,0.6779,1.486330544,-0.497518681,0.072990579,NA,NA,NA
610.2,0.6744,1.435618772,-1.005884158,0.073101729,NA,NA,NA
610.3,0.6691,0.973946624,0.229587052,0.074593088,NA,NA,NA
610.4,0.6958,1.637090937,-0.803652706,0.073412112,0.0828,0.0842,0.167
611.1,0.506,0.357119652,0.188359682,0.059153612,NA,NA,NA
611.2,0.7565,1.825812404,-0.128234866,0.079648347,NA,NA,NA
611.3,0.6606,0.955553735,0.193161308,0.07326568,0.0773,0.0995,0.1768
612.1,0.6519,-0.539730312,2.302245142,0.081528264,NA,NA,NA
614.2,0.4535,-0.087587068,-0.194123236,0.054428709,0.0651,0.0627,0.1278
616.1,0.5481,1.014655963,-0.249199493,0.060383387,0.0711,0.0809,0.152
617.1,0.5977,0.669267467,-0.501164845,0.068218912,0.0765,0.0808,0.1573
617.3,0.5098,1.325304373,0.775934171,0.055798172,0.0717,0.0649,0.1366
617.4,0.5519,1.571477981,-0.044498453,0.059175468,0.0745,0.0734,0.1479
618.1,0.6836,1.094407906,0.324606367,0.075816559,0.077,0.0838,0.1608
618.2,0.4838,0.262298915,0.295543772,0.056495592,0.0706,0.0604,0.131
619.1,0.5877,-0.608809556,0.68328501,0.072654222,NA,NA,NA
619.2,0.5371,-1.093145126,0.727358617,0.069164896,0.0604,0.0731,0.1335
621.1,0.3041,-2.789169015,-0.085726762,0.044300386,0.0437,0.0409,0.0846
623.1,0.5866,0.768627654,-0.947919245,0.065895304,NA,NA,NA
623.2,0.6151,1.126324973,-0.472785401,0.067824457,0.0748,0.0684,0.1432
623.4,0.628,1.968981739,-0.280929174,0.06588334,0.0808,0.0847,0.1655
624.1,0.544,-1.14045936,1.428049632,0.070429829,0.0668,0.0664,0.1332
624.2,0.4185,-2.758433039,1.211770205,0.06233244,0.0566,0.0499,0.1065
626.1,0.5924,0.985278788,-0.416718058,0.066212138,0.0685,0.0755,0.144
631.1,0.73,2.843843748,-0.494229723,0.072575434,0.0909,0.1053,0.1962
631.2,0.6488,2.395029805,-1.509874809,0.065538664,0.0831,0.0853,0.1684
631.3,0.65,2.571652169,-1.235029775,0.06508461,0.0833,0.0977,0.181
631.4,0.606,1.352852519,-1.717480814,0.065354543,0.0751,0.0801,0.1552
638.1,0.4565,-2.050296866,0.350871293,0.063398375,0.0567,0.0517,0.1084
638.2,0.3886,-2.910335168,-0.014557132,0.057408775,0.0441,0.0506,0.0947
640.1,0.5186,-0.076550633,-0.393388721,0.061470989,0.068,0.0746,0.1426
640.2,0.5832,0.359122948,-0.430340768,0.067762737,0.078,0.0927,0.1707
641.1,0.6673,-0.83460292,0.346663857,0.084414927,0.0707,0.0963,0.167
643.1,0.5474,-0.951268071,0.438100486,0.069251692,0.063,0.0854,0.1484
643.2,0.6251,-0.021125819,0.533204924,0.073845245,NA,NA,NA
645.1,0.3301,-2.468303179,0.41061972,0.047356718,0.0489,0.0416,0.0905
646.1,0.4902,-0.64513002,2.895257727,0.060958776,0.0623,0.064,0.1263
646.2,0.48,-1.945795544,1.811938728,0.065857172,NA,NA,NA
648.1,0.5386,0.504545787,-1.07855836,0.061997122,0.0678,0.0775,0.1453
648.2,0.5989,0.2786537,1.044305841,0.070595863,NA,NA,NA
649.1,0.6822,0.877033375,-0.384673688,0.076091685,0.0803,0.1028,0.1831
651.1,0.3305,-5.558675121,1.682860695,0.060293715,0.0371,0.0307,0.0678
652.1,0.7027,1.813471671,-0.161380273,0.073201729,0.0864,0.0866,0.173
652.2,0.6744,1.768011931,-1.304853106,0.071433111,0.0827,0.0808,0.1635
652.3,0.6217,1.2221452,-1.301461827,0.067704873,0.0767,0.0775,0.1542
653.2,0.6351,-0.869119534,-0.348064654,0.08017927,NA,NA,NA
653.3,0.678,0.586628073,-0.706877067,0.078020713,0.0788,0.0983,0.1771
701.1,0.3737,-2.734304972,0.016964416,0.053991187,0.0489,0.044,0.0929
702.1,0.5278,-0.450985512,-1.931512314,0.064076727,0.068,0.0513,0.1193
702.2,0.5481,0.645758057,-0.732753771,0.062733204,NA,NA,NA
703.1,0.5437,0.662976232,2.311474285,0.061473232,0.0655,0.0836,0.1491
704.1,0.4939,0.166551044,1.580627264,0.058755651,0.0634,0.0601,0.1235
706.1,0.5175,-0.039472734,2.253987706,0.062469821,0.0605,0.0662,0.1267
710.1,0.5587,0.386646535,-1.989379976,0.065364142,0.0685,0.0678,0.1363
710.2,0.6492,2.017511924,-1.452368306,0.068078859,NA,NA,NA
712.1,0.6271,0.808220079,-1.066756284,0.07009445,0.0728,0.0728,0.1456
716.1,0.4802,-0.582204109,-0.112537549,0.059800747,0.0593,0.0629,0.1222
717.1,0.5394,0.748369238,0.514435536,0.061428083,NA,NA,NA
717.3,0.4637,-0.664795093,-0.789377655,0.057520313,0.0581,0.0501,0.1082
718.1,0.4472,-0.138925817,0.142874253,0.053531243,NA,NA,NA
718.2,0.5433,0.029213216,-0.93435696,0.064053289,0.0763,0.0742,0.1505
719.1,0.8434,0.925996528,0.303245261,0.094657688,0.0814,0.0927,0.1741
722.1,0.6877,1.04977746,-1.717061874,0.075884138,0.077,0.0843,0.1613
726.1,0.5659,0.71079367,0.221474265,0.064714964,0.073,0.0748,0.1478
727.1,0.3757,-1.891707374,0.448603252,0.051360219,0.055,0.0424,0.0974
728.2,0.7205,1.414486253,0.149666552,0.0782132,0.0771,0.1007,0.1778
729.1,0.6662,1.40498461,0.327639663,0.072271642,NA,NA,NA
730.1,0.5767,0.461077091,-0.586363486,0.066112576,0.0693,0.0752,0.1445
731.1,0.7117,1.924789099,-2.610200062,0.074679958,0.0954,0.0957,0.1911
731.2,0.5036,1.378705166,-0.44166841,0.054768896,0.077,0.0629,0.1399
731.3,0.4843,-0.230238054,0.869094804,0.058104379,NA,NA,NA
733.1,0.5187,-0.351773877,-0.80461403,0.062607121,0.07,0.0782,0.1482
733.2,0.6471,0.62823866,-0.553984526,0.073188939,NA,NA,NA
733.3,0.6423,0.860761842,-1.59465776,0.071505706,0.0817,0.0806,0.1623
736.1,0.6006,0.275750877,-0.306692881,0.069642857,0.0709,0.0721,0.143
738.1,0.5949,0.910949182,-0.535367767,0.06688779,0.0783,0.0671,0.1454
740.1,0.3756,-3.108560592,1.812463309,0.056835893,0.053,0.0578,0.1108
741.1,0.638,0.504867057,-0.093308781,0.072868483,0.0747,0.0858,0.1605
741.2,0.7257,2.306142237,-0.497753493,0.074606765,NA,NA,NA
742.1,0.4116,0.239484492,0.560508613,0.04809816,0.0684,0.0488,0.1172
743.1,0.5077,0.283218824,-0.315889643,0.060203961,0.0614,0.058,0.1194
744.1,0.5792,-0.296754347,0.429153885,0.07026568,NA,NA,NA
744.2,0.591,-1.221327551,-2.843790737,0.076282672,0.0717,0.076,0.1477
745.1,0.4029,-2.907973132,-2.304776995,0.058843289,0.0489,0.0416,0.0905
748.1,0.7035,3.616274889,0.538225404,0.066717246,NA,NA,NA
748.2,0.8187,3.563665581,0.507504289,0.077845393,0.1022,0.0969,0.1991
748.3,0.7021,2.178927488,-3.659285325,0.072884875,0.0792,0.1016,0.1808
749.1,0.5861,1.34402256,-1.864854271,0.063509779,0.0758,0.0754,0.1512
752.1,0.5106,0.426482536,-0.308295544,0.059141715,NA,NA,NA
754.1,0.5408,-0.377255714,0.374333664,0.065491977,0.0703,0.0711,0.1414
757.1,0.6557,0.131978823,1.020677594,0.077104892,0.0731,0.0711,0.1442
759.1,0.5108,1.291068277,0.577174255,0.055883157,0.0648,0.0655,0.1303
759.2,0.6079,1.510229549,-0.51512863,0.065594821,NA,NA,NA
759.3,0.428,-0.716614936,-0.465266436,0.05370138,0.0574,0.0544,0.1118
760.1,0.5257,-0.451983369,-0.982494338,0.064012177,0.0704,0.0699,0.1403
766.1,0.6527,2.705153326,0.325099056,0.065198282,NA,NA,NA
766.2,0.6832,3.37969964,1.152497851,0.065736553,0.0892,0.083,0.1722
767.1,0.5307,-0.933057549,0.608863236,0.067121988,NA,NA,NA
767.2,0.663,1.168759852,1.182941861,0.073154585,0.0738,0.0952,0.169
769.1,0.711,1.634940535,-0.615873644,0.076046847,0.0842,0.0757,0.1599
770.1,0.7178,2.137146502,-0.303550665,0.073654507,0.0794,0.0918,0.1712
770.2,0.7462,2.215498133,0.176435338,0.07674586,NA,NA,NA
805.1,0.7205,2.062087915,0.306966856,0.075547866,0.0867,0.101,0.1877
805.2,0.5364,1.257438093,0.459002247,0.058822239,0.0795,0.074,0.1535
805.3,0.599,0.150706429,-2.490731361,0.070342317,0.0735,0.0731,0.1466
805.4,0.5677,1.894971799,-1.092180333,0.059786215,0.0883,0.0804,0.1687
806.1,0.6345,1.052513154,-0.698245543,0.069771278,0.0746,0.0811,0.1557
806.2,0.7989,2.345510374,0.096863232,0.081917457,0.0864,0.1062,0.1926
808.1,0.6713,1.872568657,-0.841179053,0.071131126,0.0914,0.0886,0.18
808.2,0.6333,1.195704297,-1.286204026,0.069497942,0.079,0.0969,0.1759
810.2,0.4968,-0.789347764,-1.653601846,0.061995383,0.0569,0.0592,0.1161
811.1,0.6317,1.556606326,0.602998271,0.067659187,0.0816,0.0897,0.1713
811.2,0.5435,0.306762633,-0.502353031,0.063098624,0.0699,0.0742,0.1441
813.1,0.6095,0.360233872,-0.294854279,0.071701665,0.075,0.1077,0.1827
815.1,0.7342,2.213349906,-0.248268672,0.075484501,0.0809,0.0946,0.1755
815.2,0.8226,0.848900281,-0.629491218,0.092912408,0.072,0.0651,0.1371
818.1,0.3147,-3.456759323,-1.546333391,0.047961594,0.0384,0.0306,0.069
818.2,0.5368,-1.505827167,-1.760106049,0.07043233,0.0598,0.0693,0.1291
819.1,0.6285,1.541540612,0.000549352,0.067555221,0.0769,0.0767,0.1536
821.1,0.4968,-1.473200536,-0.173329788,0.066226755,0.055,0.0775,0.1325
821.2,0.5993,0.34452454,0.825910207,0.06986477,NA,NA,NA
822.1,0.6293,0.633461658,-2.257375183,0.071482933,0.0687,0.0802,0.1489
822.2,0.6326,1.370024871,1.377315517,0.069234979,0.0795,0.0946,0.1741
823.1,0.612,0.546142837,0.218345892,0.071038886,0.069,0.0711,0.1401
823.2,0.4414,-1.758563497,0.888704181,0.059252299,0.051,0.0471,0.0981
823.3,0.5475,0.401504618,-0.228044799,0.063978966,NA,NA,NA
824.1,0.6181,0.362601357,0.419449274,0.071734463,NA,NA,NA
824.2,0.6373,1.426176566,0.914412346,0.069207797,0.0782,0.0793,0.1575
827.1,0.5692,0.276736625,0.684774099,0.066105337,0.0703,0.0706,0.1409
827.3,0.5283,0.07142785,-0.6781812,0.061789474,0.062,0.0583,0.1203
828.1,0.5921,-0.21225171,0.137466128,0.071462193,0.0671,0.0826,0.1497
828.2,0.549,-0.702787309,0.52023912,0.068974182,0.0644,0.0806,0.145
829.1,0.4726,-0.090579149,-0.122179142,0.056636108,0.0594,0.0645,0.1239
830.1,0.4038,-1.953716613,-1.663646798,0.055394746,0.0528,0.0513,0.1041
831.1,0.5913,1.642886963,1.767397929,0.063800173,NA,NA,NA
834.1,0.6292,0.708311497,-1.123218896,0.070879802,0.0719,0.0944,0.1663
834.2,0.6696,1.956349486,0.857078929,0.070461959,NA,NA,NA
836.1,0.4213,-0.454023355,-0.684281638,0.052021979,0.0754,0.0532,0.1286
839.1,0.6255,1.139940796,-0.017033586,0.069119841,0.0755,0.1001,0.1756
839.2,0.5921,-0.017774621,1.442003108,0.070884712,NA,NA,NA
844.2,0.6895,2.990516006,-0.351944167,0.067412984,0.0842,0.1048,0.189
845.1,0.5568,0.56518216,1.287802462,0.064269637,NA,NA,NA
845.2,0.6843,1.791691831,-1.517179081,0.072523979,0.0889,0.1021,0.191
846.1,0.5211,-0.881401655,-0.109902116,0.06563799,0.0622,0.0629,0.1251
846.2,0.5456,-2.094099676,-1.240500139,0.075688423,0.0568,0.0586,0.1154
849.1,0.6701,2.028234937,0.441025983,0.069944157,0.0817,0.0827,0.1644
849.2,0.7196,3.0006318,0.265722179,0.071219319,0.0927,0.0949,0.1876
852.1,0.5818,-0.208909249,-0.128681516,0.070079499,0.0724,0.0976,0.17
852.2,0.4784,-2.667767855,-3.283293571,0.067432518,0.0574,0.0752,0.1326
900.1,0.5546,1.115901829,-0.119176937,0.061417497,0.0817,0.0648,0.1465
901.1,0.7787,2.082269637,1.162754366,0.081475281,0.0881,0.0939,0.182
901.2,0.3873,-3.541608388,-1.713473347,0.05921113,0.0469,0.0401,0.087
902.1,0.6104,2.576165752,-0.269076579,0.061408451,0.0824,0.0846,0.167
902.2,0.4951,-1.251532672,-0.574673864,0.063690744,0.0591,0.0602,0.1193
904.1,0.6318,0.391344445,1.08718746,0.073065803,NA,NA,NA
904.2,0.6304,1.097603212,0.134992228,0.069415845,0.0795,0.0835,0.163
904.3,0.5992,0.435765182,-0.508154553,0.068822144,0.0712,0.0748,0.146
904.4,0.563,-0.247893457,0.306321526,0.068184571,NA,NA,NA
905.1,0.8068,0.338571184,0.876035709,0.093190875,0.0729,0.0979,0.1708
905.2,0.6954,-0.747095344,1.907328811,0.086773147,0.0683,0.0886,0.1569
906.1,0.5025,-0.357952545,-0.415145405,0.061441585,0.0594,0.0629,0.1223
907.1,0.4156,-2.166672269,1.126130264,0.057582265,0.052,0.0437,0.0957
909.1,0.6417,0.615639612,1.55505776,0.072615141,0.0757,0.075,0.1507
910.1,0.5619,0.871773216,-0.836896993,0.062260388,0.0722,0.0803,0.1525
910.2,0.6351,1.16990192,0.102755199,0.069542842,0.0805,0.0873,0.1678
910.3,0.5914,0.498207536,-1.356797891,0.067139695,0.0741,0.091,0.1651
911.1,0.6162,0.314523829,-0.497082468,0.072498382,0.074,0.0668,0.1408
911.2,0.6456,0.29197292,-0.28070808,0.074588412,NA,NA,NA
913.1,0.7006,2.222489697,-0.494684789,0.072736711,0.0876,0.0919,0.1795
914.1,0.7139,2.753286278,1.994902327,0.071662317,NA,NA,NA
915.1,0.4742,-2.963153648,0.148315205,0.071179826,NA,NA,NA
915.2,0.2927,-4.869833564,0.529869794,0.050997474,0.0404,0.0323,0.0727
920.1,0.697,1.849119398,0.255473071,0.073499947,0.0917,0.0982,0.1899
921.1,0.452,0.321990868,-0.681991933,0.053054757,0.0635,0.0598,0.1233
921.2,0.4126,0.555124933,1.710819927,0.047785048,0.057,0.057,0.114
923.1,0.5739,0.207842632,-0.581520272,0.067760789,0.0727,0.0736,0.1463
923.2,0.5895,0.103545626,0.152828487,0.069157672,NA,NA,NA
923.3,0.6571,0.509972045,0.279037094,0.075746398,NA,NA,NA
924.1,0.6515,0.861473443,0.822869544,0.072976757,0.0731,0.0822,0.1553
924.2,0.5742,0.584746506,-1.02173459,0.065462008,0.0751,0.0753,0.1504
924.3,0.5675,0.341206782,-0.209857345,0.066165326,0.0732,0.0748,0.148
925.2,0.531,-0.62600457,-0.278747538,0.065293575,0.0672,0.0646,0.1318
926.1,0.5289,0.621184692,1.344879442,0.060047684,0.0831,0.079,0.1621
926.2,0.5978,1.268786259,1.739538703,0.065063126,0.0816,0.0729,0.1545
928.1,0.6253,1.558546144,0.768716298,0.067805248,NA,NA,NA
928.2,0.5088,-0.683130181,0.47692436,0.062943032,0.066,0.0757,0.1417
929.1,0.4963,-2.269321823,-0.526628146,0.06952928,0.0614,0.0698,0.1312
929.2,0.3353,-3.529761737,-1.337050748,0.05122212,0.0473,0.0391,0.0864
934.1,0.595,0.321997671,-0.416943417,0.069737459,NA,NA,NA
935.1,0.5692,-0.177257971,-0.508065809,0.06849991,0.068,0.0763,0.1443
938.1,0.4982,-0.552047059,0.159069588,0.061377356,0.0659,0.0671,0.133
938.2,0.6135,1.156241187,0.277018324,0.067354669,NA,NA,NA
938.3,0.5562,1.197526645,-0.858514151,0.061215056,NA,NA,NA
938.4,0.5806,0.656354694,-1.224572757,0.06566759,0.0756,0.0762,0.1518
939.3,0.614,1.161714473,0.050707252,0.067602532,0.078,0.0826,0.1606
940.1,0.776,1.809322126,0.044818944,0.081865176,0.093,0.0987,0.1917
944.1,0.5908,1.026493338,0.894110452,0.065066079,0.081,0.0747,0.1557
944.2,0.5192,-0.690525379,-0.494404695,0.064633387,NA,NA,NA
946.1,0.5887,-0.803218898,0.111306469,0.073381116,NA,NA,NA
946.2,0.5796,0.560148454,-0.652933765,0.066947733,0.0717,0.0712,0.1429
948.1,0.5104,-0.707104949,2.066617714,0.063537906,NA,NA,NA
949.2,0.5294,-1.145815133,-0.4216295,0.067624705,0.0607,0.0658,0.1265
949.3,0.4628,-1.970041041,-0.203238698,0.063090451,0.0478,0.0522,0.1
1000.1,0.5884,1.583942407,-1.83103147,0.063507825,0.0652,0.0791,0.1443
1000.2,0.6471,1.548816305,1.168268136,0.070127337,0.0761,0.083,0.1591
1000.3,0.8111,3.151274586,1.261059841,0.078969915,0.0941,0.1031,0.1972
1001.2,0.5239,-0.047022253,-0.320077879,0.062243079,0.0624,0.0735,0.1359
1001.3,0.5173,0.482740825,0.872973913,0.060421655,0.0665,0.0879,0.1544
1001.4,0.5758,-0.049877482,0.057532734,0.069298351,0.07,0.0976,0.1676
1001.5,0.5071,-1.273746908,-1.254261284,0.066071661,0.0633,0.0754,0.1387
1003.1,0.7418,0.172457959,-0.216705564,0.087859765,NA,NA,NA
1003.2,0.8049,2.744682206,-1.08039705,0.079791822,NA,NA,NA
1003.3,0.6551,2.376802537,-0.228610437,0.067103713,0.0833,0.0759,0.1592
1004.1,0.5381,1.917260076,-0.695398435,0.057080726,0.0671,0.0676,0.1347
1005.1,0.4549,-1.779331969,-0.669146176,0.061556157,0.0534,0.0523,0.1057
1006.1,0.5844,0.165404421,-1.29058849,0.068171479,0.0711,0.0767,0.1478
1008.1,0.5382,-0.143055374,-0.838572136,0.06539887,0.0693,0.0743,0.1436
1008.2,0.6806,1.446166607,-0.22280892,0.072967033,0.0858,0.0937,0.1795
1009.1,0.6448,0.551192119,0.853697423,0.072731374,0.0767,0.0868,0.1635
1009.2,0.6825,1.906510489,-1.583720043,0.071819425,NA,NA,NA
1010.1,0.5708,0.67968801,-1.303306522,0.064709217,NA,NA,NA
1010.2,0.6592,2.115646882,-0.572693354,0.067874794,0.0859,0.0926,0.1785
1014.1,0.5215,-2.1181475,1.06833595,0.072144982,NA,NA,NA
1014.3,0.6979,0.895900436,0.529085303,0.078143545,0.0844,0.1002,0.1846
1016.1,0.5562,1.021510927,-0.037137777,0.061858422,NA,NA,NA
1016.2,0.2196,-4.246891915,-0.215111855,0.035949906,0.0308,0.0307,0.0615
1017.1,0.6029,1.37996528,-0.252397492,0.065143166,0.0754,0.0839,0.1593
1018.1,0.6843,1.237413554,1.297570642,0.075255691,0.0843,0.1048,0.1891
1020.1,0.501,-0.127330134,0.980237926,0.060368719,NA,NA,NA
1020.2,0.4711,-0.568734741,-0.72232797,0.058649237,0.0689,0.0686,0.1375
1022.1,0.603,1.204675701,0.854838024,0.06653059,0.0789,0.07,0.1489
1025.1,0.5796,-0.207508984,0.122864267,0.069902913,NA,NA,NA
1025.2,0.6224,2.073956842,0.77289439,0.065237671,NA,NA,NA
1026.1,0.6308,1.054912853,-0.474177345,0.070713525,NA,NA,NA
1027.1,0.5441,0.73643323,-0.498093129,0.061155446,0.0766,0.068,0.1446
1028.1,0.4716,0.086574746,-1.095947775,0.055161121,0.0708,0.0623,0.1331
1029.1,0.6058,2.429746754,-0.292572262,0.062222679,0.0814,0.0806,0.162
1029.2,0.5985,1.85610285,0.86153661,0.06316956,NA,NA,NA
1029.3,0.727,1.578235478,0.062464873,0.077774806,NA,NA,NA
1030.1,0.5673,0.891353869,-0.434831124,0.063824042,NA,NA,NA
1030.2,0.6719,2.51358868,0.98849951,0.067704555,0.0898,0.0882,0.178
1032.1,0.5319,-0.601048861,1.046551076,0.065601875,0.0636,0.0647,0.1283
1033.1,0.525,-0.954343791,-0.3354561,0.06738112,0.0574,0.0608,0.1182
1033.2,0.6871,1.675571979,0.521351989,0.073695501,0.0773,0.0775,0.1548
1034.1,0.549,-0.747799304,-3.143098308,0.068033955,0.0678,0.0891,0.1569
1034.2,0.5507,-0.097613566,-1.073852339,0.066808201,0.0815,0.0744,0.1559
1035.2,0.5124,-1.713279647,1.629931623,0.06854391,0.0548,0.0659,0.1207
1037.2,0.5608,0.478333302,1.252473567,0.065567637,0.0794,0.0744,0.1538
1038.1,0.5387,0.198485248,-1.100792094,0.063428706,NA,NA,NA
1038.2,0.4438,-1.734202326,-0.146993203,0.059410977,0.0671,0.0595,0.1266
1041.1,0.5123,-0.107514238,0.494092906,0.061342274,0.0715,0.0775,0.149
1041.2,0.5725,0.307020066,0.781627255,0.066841798,0.0756,0.0892,0.1648
1042.1,0.4991,-0.625322518,0.490699747,0.061243021,0.0659,0.072,0.1379
1042.2,0.6533,1.190625064,1.297564352,0.072508324,NA,NA,NA
1043.1,0.6228,1.120009126,-1.756562324,0.069303956,0.0947,0.0756,0.1703
1043.2,0.7233,1.092597921,-0.408052207,0.081553726,NA,NA,NA
1045.1,0.5813,0.05975212,-3.314351684,0.067742687,0.0717,0.087,0.1587
1054.1,0.702,1.208448573,1.233647618,0.077053949,NA,NA,NA
1054.2,0.6177,1.612781824,0.295534657,0.06611013,0.0791,0.083,0.1621
1055.1,0.3587,-4.084189602,-3.192624398,0.057511624,0.0422,0.0445,0.0867
1058.1,0.4947,-0.30204237,0.422831768,0.059952736,NA,NA,NA
1058.2,0.4865,-0.7429644,0.275550255,0.061072056,NA,NA,NA
1058.3,0.563,-0.017202462,-1.027800987,0.066520943,NA,NA,NA
1059.1,0.6763,1.986788908,0.340472597,0.071797866,NA,NA,NA
1059.2,0.6204,0.787482743,-0.209699687,0.069388212,NA,NA,NA
1059.3,0.7395,1.625622225,-0.096200659,0.079644588,NA,NA,NA
1059.4,0.6333,1.093497345,-1.390992459,0.070195079,NA,NA,NA
1061.1,0.6759,0.054124914,-0.684908154,0.079573817,0.0807,0.0819,0.1626
1061.2,0.6961,0.943882197,0.236541057,0.077698404,0.0829,0.0878,0.1707
1062.1,0.5739,0.618764668,0.61630403,0.06617469,NA,NA,NA
1062.2,0.6222,0.599767778,0.31031899,0.070905983,0.0809,0.1053,0.1862
1004.1B,0.5261,-0.242300431,-0.885449738,0.064002433,0.062,0.0682,0.1302
1004.2B,0.4727,-1.369142112,-0.601522255,0.061823176,0.0683,0.0785,0.1468
1006.1B,0.5413,0.629259327,0.850886352,0.061676067,0.0696,0.0713,0.1409
1006.2B,0.3568,-2.181767607,1.128504921,0.049302197,0.0518,0.0511,0.1029
1006.3B,0.5877,0.210923833,0.082583112,0.068572429,0.0739,0.0858,0.1597
1017.1B,0.5059,-1.223356169,2.266215098,0.066334492,NA,NA,NA
1018.1B,0.5388,-0.686853428,0.367093873,0.066522625,0.0571,0.0674,0.1245
1026.1B,0.4456,-4.014257243,-0.815970752,0.070657258,0.0424,0.0427,0.0851
1029.1B,0.5596,0.477562839,-1.878499299,0.064251679,0.0721,0.0804,0.1525
1037.1B,0.5237,0.036431357,-1.017848794,0.0622526,0.0716,0.062,0.1336
1037.2B,0.6223,1.19418109,-0.268424965,0.069670846,0.0853,0.0806,0.1659
1038.1B,0.4566,-1.878908681,-0.374563752,0.061577883,0.056,0.053,0.109
1042.1B,0.5227,-1.122242104,-1.09087515,0.065851969,0.0691,0.0653,0.1344
1042.2B,0.5555,-2.101925006,-0.077381441,0.07660484,0.055,0.0482,0.1032
1043.1B,0.5577,-0.724156714,-0.000481229,0.069309638,0.0672,0.0604,0.1276
1054.1B,0.7155,-0.242397472,2.882320359,0.087533643,NA,NA,NA
1054.2B,0.72,0.433484954,2.870986107,0.084220377,NA,NA,NA
1057.1EA,0.4054,-2.393087331,0.883600033,0.057130778,0.0472,0.0563,0.1035
1057.1EB,0.3317,-3.552715812,-2.158419168,0.050452506,0.0721,0.0721,0.1442
401.1B,0.6714,1.691057396,1.363557766,0.072224613,0.075,0.1084,0.1834
401.2B,0.5557,0.887326724,0.115978666,0.062259817,0.0723,0.0774,0.1497
402.1B,0.5001,0.361506067,0.406007493,0.058480968,0.0711,0.0766,0.1477
407.1B,0.7389,0.846182477,0.597634061,0.083961139,0.082,0.1056,0.1876
407.2B,0.6391,1.05543551,-0.721728658,0.07057979,0.0824,0.0877,0.1701
408.1B,0.7464,2.554598245,-0.094489367,0.075462542,0.0989,0.1028,0.2017
408.2B,0.7736,2.624235562,0.099440461,0.077811306,0.1027,0.1105,0.2132
408.3B,0.7536,2.56053091,0.344306041,0.075822517,0.0913,0.1049,0.1962
411.1B,0.6809,1.995186945,1.285818652,0.07153438,NA,NA,NA
411.2B,0.6326,1.44316986,1.004783533,0.068790779,NA,NA,NA
415.3B,0.5688,1.216654843,0.916045186,0.062698413,0.0723,0.1097,0.182
416.1B,0.4971,-0.820120812,0.072300661,0.062828615,0.0669,0.097,0.1639
421.1B,0.582,1.081641793,1.035559905,0.064760209,0.0705,0.0731,0.1436
421.2B,0.6709,1.900202551,0.790159453,0.070468988,NA,NA,NA
426.1B,0.5475,-0.215022054,0.353857152,0.066662608,NA,NA,NA
426.2B,0.6196,0.841279236,-0.888503419,0.069641452,0.0795,0.1032,0.1827
428.1B,0.663,1.639072831,0.069616244,0.070025349,0.0775,0.0898,0.1673
428.2B,0.3099,-5.674694245,-1.303350395,0.056737459,0.0325,0.03,0.0625
438.1B,0.7531,0.583908196,0.783685306,0.085935984,0.0893,0.1008,0.1901
438.2B,0.691,1.737284914,0.933867101,0.073526282,0.087,0.0908,0.1778
438.3B,0.7257,0.982724234,1.364494669,0.080817417,0.0915,0.0875,0.179
448.1BCX3,0.2912,-6.109790553,0.661631041,0.055758736,0.0357,0.0341,0.0698
450.1B,0.5324,0.455144833,-0.732088313,0.06192858,0.0673,0.0665,0.1338
450.2B,0.4448,-2.010878386,0.832491603,0.061056966,0.0521,0.0554,0.1075
453.1B,0.6277,1.492910594,-0.130528635,0.067574551,0.0869,0.0795,0.1664
453.3B,0.5974,1.048388282,0.387550376,0.066091382,0.0819,0.0749,0.1568
500.1B,0.322,-7.105118249,0.673131013,0.068452381,0.0247,0.0323,0.057
501.1B,0.6361,1.395576664,-1.344386985,0.069515327,0.0799,0.0818,0.1617
501.2B,0.6642,2.895685371,0.364598751,0.065843866,0.0862,0.081,0.1672
501.3B,0.5364,-0.004681292,-1.486169733,0.064181873,0.0708,0.0579,0.1287
503.2B,0.593,0.52319614,1.423165222,0.067891694,0.0769,0.0966,0.1735
506.1B,0.4684,-1.836349816,-1.448812564,0.06244917,0.0563,0.0557,0.112
509.1B,0.5991,0.670676539,-1.866547586,0.067802173,NA,NA,NA
519.1B,0.4718,-1.157343874,0.039307052,0.060881347,0.0556,0.0522,0.1078
519.2B,0.5442,-0.946191058,-0.540720666,0.069720069,0.0638,0.0619,0.1257
522.1BG,0.6061,2.103089008,-1.331591495,0.062893016,0.0808,0.0816,0.1624
522.2BE,0.6015,2.083237556,-0.154540738,0.0622832,0.0803,0.0802,0.1605
522.2BG,0.6701,1.955642279,0.63940468,0.070693111,0.0923,0.0912,0.1835
522.3BG,0.5962,1.334202154,-0.92555156,0.064797305,0.0804,0.0783,0.1587
523.1B,0.4593,-0.734288397,-0.257048487,0.057780853,0.0663,0.0602,0.1265
523.2B,0.433,-2.225451577,0.035704777,0.06052558,0.0571,0.0525,0.1096
523.4B,0.4231,-1.673035621,-1.462011253,0.056914178,0.0574,0.0563,0.1137
527.1B,0.4668,-2.347094218,-0.882487804,0.066714306,0.0528,0.0515,0.1043
527.2B,0.3552,-5.555278129,-1.089282017,0.06493008,0.0345,0.0358,0.0703
533.1B,0.516,0.832755371,-0.225053249,0.058046009,0.075,0.071,0.146
533.2B,0.4847,0.814977781,-0.672757377,0.054583333,0.0756,0.071,0.1466
536.1B,0.6533,0.366539194,-0.118382237,0.076177705,0.0748,0.0747,0.1495
536.2B,0.7716,0.349387319,-0.574598095,0.090245614,0.0763,0.0906,0.1669
536.3B,0.6265,0.362765339,-0.586959649,0.073459577,NA,NA,NA
540.1B,0.6893,3.851202921,0.991709613,0.064465747,0.0931,0.0927,0.1858
542.1BA,0.623,1.683631946,-0.894355012,0.065988772,0.0821,0.075,0.1571
542.1BEC,0.5032,-0.252899547,-0.557891663,0.060480769,0.0645,0.0657,0.1302
542.2BA,0.5105,-0.461196274,-0.347658691,0.062343531,0.0666,0.0587,0.1253
542.2BG,0.4076,-2.519237702,-0.116350948,0.057873065,0.0482,0.0475,0.0957
549.1B,0.598,0.770210242,-1.108576725,0.068159799,0.0781,0.0735,0.1516
549.2B,0.678,1.540119598,0.535252133,0.073277493,0.0915,0.0918,0.1833
549.3B,0.5925,0.567530357,-0.166443207,0.067660158,0.0732,0.0721,0.1453
551.1B,0.5158,0.629491506,-1.245565769,0.058760538,0.0709,0.0841,0.155
555.1B,0.5031,0.673436737,-1.443413067,0.057323534,0.068,0.0623,0.1303
555.2B,0.6061,0.969480508,0.445246172,0.06756591,0.0779,0.0756,0.1535
556.1B,0.6039,0.42470773,-1.43718284,0.069952508,0.0705,0.0831,0.1536
563.1B,0.4509,-1.795149041,-1.116019064,0.060507246,0.0587,0.0629,0.1216
563.2B,0.4755,-0.869036608,-0.146381874,0.059785,0.06,0.0657,0.1257
563.3B,0.5726,0.031915004,-0.452877825,0.067242088,0.0707,0.0774,0.1481
565.1B,0.584,1.137529982,0.395870293,0.063409338,NA,NA,NA
565.2B,0.6187,2.136159296,-0.076661727,0.064293879,0.0769,0.0845,0.1614
567.1B,0.6363,0.271518191,2.201516237,0.074560581,0.0735,0.0682,0.1417
567.2B,0.5824,-1.238273722,0.186674794,0.074796121,0.0655,0.0568,0.1223
577.4BE,0.4899,-0.449267976,-0.183029239,0.059231048,0.0618,0.0718,0.1336
602.1B,0.7674,3.02217555,-0.666005253,0.075309127,NA,NA,NA
602.2B,0.7959,2.671162741,1.284351373,0.080268267,NA,NA,NA
602.3B,0.6272,1.199442427,0.184469125,0.069101526,NA,NA,NA
602.4B,0.8466,3.243912693,0.274592903,0.082170242,0.0997,0.1048,0.2045
604.1B,0.6838,1.298387588,0.132712113,0.07569602,NA,NA,NA
604.2B,0.5018,-1.938625352,1.182197739,0.068514473,0.0537,0.0631,0.1168
605.1B,0.555,-1.022382674,1.044836194,0.071483771,0.0721,0.08,0.1521
605.2B,0.7165,0.038368514,1.522890587,0.085110174,0.08,0.0959,0.1759
617.2B,0.6305,1.478622575,-0.207396017,0.067978437,NA,NA,NA
618.1B,0.6404,1.237800984,1.496182442,0.070119347,NA,NA,NA
618.2B,0.4404,-2.521327522,-0.246347413,0.062463655,0.0502,0.0572,0.1074
618.3B,0.4918,-1.103306077,1.487831106,0.063319171,0.063,0.063,0.126
623.2BA11,0.3078,-5.723437214,-1.515052999,0.057516584,NA,NA,NA
626.2B,0.3658,-3.183963142,-1.479245022,0.054576651,0.0492,0.0509,0.1001
628.1B,0.551,-0.569415548,0.670584898,0.067878041,0.074,0.0787,0.1527
628.2B,0.6066,0.782510096,0.333526169,0.068978849,0.082,0.0861,0.1681
631.1BP,0.7541,3.51094948,-0.992235028,0.071638246,NA,NA,NA
631.1BS,0.7254,0.855059324,0.886170782,0.082277548,NA,NA,NA
631.2BP,0.8682,3.810440854,-0.226924144,0.081322593,NA,NA,NA
631.2BS,0.7627,2.302230633,0.2687175,0.079258028,0.0958,0.1014,0.1972
631.3BP,0.7832,2.074448351,0.142135191,0.08079641,0.0888,0.1186,0.2074
635.1B,0.6899,1.91451487,-0.144430233,0.072384849,0.0885,0.1028,0.1913
635.2B,0.6753,1.781169961,0.307491121,0.071283053,0.0901,0.0972,0.1873
635.3B,0.4214,-1.241406277,-0.995909294,0.054898385,NA,NA,NA
647.1CX3,0.6972,1.225511545,1.264681986,0.07618007,NA,NA,NA
647.1H19,0.6695,0.671816777,0.948798011,0.07611847,0.089,0.1058,0.1948
647.2CX3,0.73,1.086712014,0.40174601,0.080290365,0.0894,0.0964,0.1858
647.2H19,0.6926,1.388369654,0.154931605,0.074831181,NA,NA,NA
647.3CX3,0.6826,1.417963308,1.589584156,0.073814544,0.0857,0.0977,0.1834
647.4CX3,0.473,-1.456620191,-1.040581344,0.06153646,0.0544,0.066,0.1204
648.1B,0.5251,0.697477605,1.276757446,0.059656896,0.0623,0.0649,0.1272
648.2B,0.5444,0.648506172,-0.385635154,0.061979849,0.0712,0.074,0.1452
648.3B,0.4505,-1.193346307,-0.40190943,0.058377608,0.0593,0.0609,0.1202
649.1B,0.4282,-3.142050148,-2.417143023,0.064371618,0.0566,0.0541,0.1107
652.1B,0.7147,0.87700044,-0.0629586,0.081666,NA,NA,NA
653.2B,0.5554,0.63067586,0.564067929,0.064056283,0.069,0.0763,0.1453
719.1B,0.5751,1.104298288,-0.227447286,0.06421752,0.0757,0.079,0.1547
725.2B,0.3702,-4.312402318,0.422532383,0.061332008,0.0412,0.0455,0.0867
725.3B,0.788,2.473797389,1.067992618,0.080613811,NA,NA,NA
730.1B,0.4894,-1.926527436,-1.057131367,0.066643971,0.058,0.0699,0.1279
730.2B,0.5006,-0.068855751,0.468873751,0.060215312,0.0694,0.073,0.1424
763.1.1,0.5919,0.599669426,-0.763151212,0.067808455,0.0756,0.0547,0.1303
763.1.1B,0.5643,0.600443774,-0.308184773,0.064672512,0.0707,0.0787,0.1494
769.1B,0.5665,-0.059836672,0.226474501,0.067073171,0.0683,0.0674,0.1357
769.2B,0.4308,-1.702021181,-0.550411439,0.057086066,0.0511,0.0484,0.0995
769.3B,0.5685,0.241734246,0.486775389,0.066390284,0.0695,0.0828,0.1523
800.1B,0.7061,1.668054608,0.509802718,0.074632703,0.0888,0.0815,0.1703
800.2B,0.607,0.075253343,-0.202338355,0.071902393,0.0661,0.067,0.1331
801.1A,0.6105,1.431569323,1.04200642,0.066236302,0.0749,0.0824,0.1573
801.2A,0.6466,0.893626178,1.658764745,0.071712971,0.0709,0.0975,0.1684
803.1B,0.6293,0.930481898,1.47508183,0.069313801,NA,NA,NA
803.1E,0.5634,1.859751966,0.201727749,0.059389659,0.0719,0.0823,0.1542
803.2B,0.5208,-0.155964409,1.188741431,0.062547289,0.0633,0.0597,0.123
803.2E,0.6232,1.691128659,1.983465516,0.065766146,0.0767,0.0758,0.1525
803.3B,0.4274,-1.996105318,0.301875982,0.058019412,0.0524,0.0545,0.1069
807.1AU,0.5235,-0.555136772,0.679504678,0.065580958,0.0637,0.0821,0.1458
807.1CA,0.6529,2.742961713,-0.363880859,0.064499877,0.0805,0.0996,0.1801
807.1E,0.6697,3.449089207,-0.923870276,0.064292229,0.0856,0.0792,0.1648
807.2AU,0.564,0.253896677,1.095279374,0.066892012,0.073,0.0794,0.1524
807.2E,0.6987,3.202791527,-0.293907024,0.067759298,0.0807,0.093,0.1737
808.1BCX3,0.6608,1.706385083,-0.122405377,0.070040808,0.0854,0.0786,0.164
808.2BCX3,0.6188,1.878581123,2.010598183,0.065616881,0.0839,0.0728,0.1567
809.1A,0.6414,1.145027471,0.097329653,0.069430613,0.081,0.0828,0.1638
817.1B,0.5339,0.315327956,-0.838614335,0.062956194,0.0695,0.076,0.1455
823.1B,0.8376,0.735114429,1.241496152,0.094101786,0.0868,0.1176,0.2044
824.1B,0.5959,1.802079577,-0.209083859,0.062808959,0.0763,0.0891,0.1654
901.1B,0.7666,1.733311062,-2.587890305,0.079696434,NA,NA,NA
901.3B,0.6723,1.999277305,-0.412202849,0.070420027,0.079,0.0801,0.1591
904.3B,0.6446,0.915728369,1.80564544,0.0723863,NA,NA,NA
909.1B,0.5936,0.113621893,0.349448714,0.069864062,0.0715,0.075,0.1465
909.2B,0.5157,-0.621328498,1.286699904,0.063623466,0.0628,0.0764,0.1392
909.3B,0.4611,-1.048897726,-0.359684963,0.059141923,0.0612,0.0598,0.121
925.1B,0.28,-6.311299195,1.231289054,0.054533061,0.0573,0.0606,0.1179
925.2B,0.5029,-1.157296085,-1.053699704,0.064461962,NA,NA,NA
928.1B,0.4805,-0.643180401,-1.081251133,0.05978599,0.0587,0.0625,0.1212
928.2B,0.4691,-2.095748826,-0.392100811,0.064712374,0.0572,0.0496,0.1068
933.2B,0.4746,0.564436827,-0.881102087,0.054658528,0.0712,0.0706,0.1418
938.1B,0.6469,0.687636226,0.232546875,0.072890141,NA,NA,NA
938.3B,0.6862,0.805628182,1.361937774,0.076958448,NA,NA,NA
938.4B,0.7401,1.765734236,0.737151088,0.078218136,0.0887,0.0969,0.1856
938.5B,0.6809,1.302299969,0.678557705,0.073806298,0.0779,0.0758,0.1537
939.1B,0.659,0.193286253,0.776661562,0.076869241,0.0937,0.0797,0.1734
939.2B,0.7048,0.147942985,0.419902789,0.082961568,NA,NA,NA
939.3B,0.4578,-0.596391798,0.120722321,0.057293035,NA,NA,NA
944.1B,0.561,1.063069552,-0.432263267,0.061614498,0.0716,0.078,0.1496
944.2B,0.465,0.744423444,0.035022824,0.052007605,0.0715,0.0597,0.1312